Search performed for: th,2026-05-18T13:15:22.880301123
Added Artist: Tyler, The Creator,2026-05-18T13:29:49.172981068
Updated Artist: Tyler, the creator,2026-05-18T13:31:34.879339561
Deleted Artist: Tyler the creator,2026-05-18T13:31:43.762518513
Added Album: Hurry Up Tomorrow,2026-05-18T13:32:30.799092573
Updated Album: Hurry Up Tomorrow,2026-05-18T13:33:21.417103632
Search performed for: hu,2026-05-18T13:33:24.116822656
Deleted Album: Hurry Up todaY,2026-05-18T13:34:43.244081448
Search performed for: bl,2026-05-18T13:36:27.996778804
Search performed for: bl ,2026-05-18T13:36:37.739810830
Search performed for: bl ,2026-05-18T13:37:40.342138486
Search performed for: bl,2026-05-18T13:41:20.682028122
Played Song: Blinding Lights,2026-05-18T13:41:23.583964109
Updated Single: Blinding Lights,2026-05-18T13:43:35.042230859
Search performed for: bl,2026-05-18T13:43:42.064796958
Added Artist: random,2026-05-18T13:45:58.732203019
Search performed for: bl,2026-05-18T13:46:17.683062098
Played Song: Blinding Light,2026-05-18T13:46:52.848134010
Updated Single: blinding light,2026-05-18T13:47:25.965784067
Search performed for: b,2026-05-18T13:47:28.701716769
Played Song: blinding lights,2026-05-18T13:48:51.501958242
Updated Single: blinding lights,2026-05-18T13:51:06.277255186
Deleted Single: blinding lightss,2026-05-18T13:52:02.895620785
Search performed for: ra,2026-05-18T13:52:43.188142152
Added Album Track: Whisper My Name,2026-05-18T14:06:10.629764422
Search performed for: ,2026-05-18T14:06:16.744452163
Updated Album Track: make them cry,2026-05-18T14:08:28.094850212
Search performed for: iceman,2026-05-18T14:08:33.059647084
Search performed for: make,2026-05-18T14:13:01.808810069    
Search performed for: ma,2026-05-18T14:13:20.767324324
Deleted Album Track: make them know,2026-05-18T14:14:20.792140099
Added Host: TestHost,2026-05-18T14:14:41.145143937
Updated Host: TestHost,2026-05-18T14:14:57.387834882
Search performed for: ,2026-05-18T14:15:03.575780298
Deleted Host: Dr. mike,2026-05-18T14:15:18.027148996
Search performed for: ,2026-05-18T14:15:20.756168583
Updated Podcast: test,2026-05-18T14:16:57.893407127
Deleted Podcast: testtt,2026-05-18T14:17:36.115575941
Added Tag: Political,2026-05-18T14:17:47.633955534
Updated Tag: Political,2026-05-18T14:18:02.800798063
Deleted Tag: Pop,2026-05-18T14:18:08.370690848
Search performed for: ,2026-05-18T14:18:20.321192549
Search performed for: ,2026-05-18T14:21:41.978668067
Associated Tag 'Politics' with Creator 'testhostt',2026-05-18T14:21:56.067352125
Search performed for: testhostt,2026-05-18T14:22:05.658640319
Added Collaborator: London,2026-05-18T14:23:01.165023232
Updated Collaborator: London,2026-05-18T14:23:13.006315991
Deleted Collaborator: London,2026-05-18T14:23:20.001897931
Added Collaborator: London,2026-05-18T14:23:29.581938091
Added Album Track: Make them Cry,2026-05-18T14:23:53.209523066
Deleted Collaborator: london,2026-05-18T14:23:59.286604508
Search performed for: make,2026-05-18T14:24:02.468191484
Search performed for: ice,2026-05-18T14:30:25.030660295
Search performed for: iceman,2026-05-18T14:30:33.644658406
Played Song: Make them Cry,2026-05-18T14:30:38.864785089
Added Podcast: test3,2026-05-18T14:33:38.539410812
Added Single: Lemon Pepper Freestyle,2026-05-18T14:34:07.795148623
Added Tag: Jazz,2026-05-18T14:34:32.700788856
